,epoch,batch,time_stamp,train_loss,val_loss,val_accuracy,resqu_weightnorm_over_biasnorm
0,0,0,24604,35.12582948811849,20.520853649902342,0.0,0
1,1,0,53235,18.53251736246745,18.12878104248047,0.0,0
2,2,0,77839,17.09939754638672,17.32780986328125,0.0,0
3,3,0,102742,16.207081557210287,16.482544311523437,0.0,0
4,4,0,132233,15.605713454182943,15.851435107421874,0.0,0
