,epoch,batch,time_stamp,train_loss,val_loss,val_accuracy,resqu_weightnorm_over_biasnorm
0,0,0,27129,31.645722562662762,14.581502209472657,0.0,0
1,1,0,51578,12.239539337158202,13.018095318603516,0.0,0
2,2,0,76904,11.384697647094727,12.564471643066407,0.0,0
3,3,0,107152,11.119654600016275,12.444522485351563,0.0,0
4,4,0,132055,10.986076865641277,12.312456170654297,0.0,0
5,5,0,155588,10.876345350138346,12.194529290771484,0.0,0
6,6,0,185794,10.856813555908204,12.23417979736328,0.0,0
7,7,0,210319,10.83019059041341,12.150348547363281,0.0,0
8,8,0,233152,10.795751712036132,12.529777032470703,0.0,0
